Business Name,Sector,Contact Detail,Email,Location,Strategic Angle
"Naivas Supermarket","Retail/Grocery","+254 20 2043694","naivas.co.ke","Nairobi","Scale: 100+ branches needing predictive stock"
"Quick Mart","Retail/Grocery","+254 713 000555","quickmart.co.ke","Nairobi","Expansion: stockout prevention during growth"
"Java House","Hospitality/F&B","+254 722 204444","javahouseafrica.com","Nairobi (HQ)","M-Pesa reconciliation across 80+ sites"
"Chandarana Foodplus","Retail/Grocery","+254 703 149713","chandaranasupermarkets.co.ke","Nairobi","Waste control for high-value perishables"
"Goodlife Pharmacy","Healthcare/Retail","+254 715 703000","goodlife.co.ke","Nairobi","High-SKU expiry management"
"Pharmaplus","Healthcare/Retail","+254 793 560460","pharmaplus.co.ke","Mombasa Rd","Manual replenishment automation"
"Pronto Restaurant","Hospitality/F&B","+254 718 047962","prontorestaurant.co.ke","Nairobi CBD","M-Pesa Paybill audit accuracy"
"City Walk Kenya","Fashion/Retail","+254 722 203482","citywalk.co.ke","Nairobi","Seasonal demand forecasting"
"Bata Kenya","Fashion/Retail","+254 711 062000","batakenya.com","Limuru/Nairobi","Production-to-retail inventory alignment"
"Optica Ltd","Healthcare/Retail","+254 709 709000","optica.africa","Nairobi","Retail analytics and stock visibility"
"Three Sixty Five Events","SME/Events","0722-833873","goddie71@gmail.com","Nairobi","Asset tracking & peak demand forecasting"
"Escon Leather","SME/Manufacturing","0734-415391","essymumo@gmail.com","Machakos","Reducing dead stock in leather production"
"Nene Leather","SME/Manufacturing","0723-598354","nenewainaina@yahoo.com","Limuru","Stock prediction for leather exports"
"Cleanshelf Supermarket","Retail/Grocery","0722 203 482","info@cleanshelf.co.ke","Kiambu/Nairobi","Inventory audit for regional chain growth"
"Jaza Store","Discount Retail","0700 000 000","info@jazastores.co.ke","Nairobi","Predictive replenishment for new stores"
"Kasha Kenya","E-commerce/Healthcare","0703 000 000","kasha.co","Nairobi","Omnichannel inventory management"
"Twiga Foods","Retail Supply","0729 290 432","twigafoods.com","Nairobi","B2B distribution logistics optimization"
"GoBEBA","Retail/E-commerce","0722 000 000","gobeba.com","Nairobi","Dark-store micro-inventory prediction"
"Khetia Drapers","Retail/Grocery","054 31920","khetias.com","Kitale/Nairobi","Regional supply chain management"
"Artisan Fashion","SME/Fashion","0711 000 000","artisanfashion.org","Nairobi","Inventory visibility for craft retail"
"Kenafric Industries","Retail/Grocery","020 2864000","kenafricind.com","Nairobi","Sales trend analysis for fast-movers"
"Mabati Rolling Mills","Hardware Retail","020 2354000","mabati.com","Machakos","Stock prediction for construction demand"
"Davis & Shirtliff","Hardware Retail","020 1900000","davisandshirtliff.com","Nairobi","High-value asset tracking"
"Primarosa Flowers","Specialty Retail","045 134000","primarosa.com","Athi River","Perishable waste mitigation AI"
"Salama Pharmaceuticals","Healthcare","+254 751 123594","yellowpages.co.ke","Nairobi CBD","Distribution replenishment forecasting"
"Kingsway Chemist","Healthcare/Retail","+254 724 893855","kingswaychemist.com","Nairobi","Retail pharmacy stock accuracy"
"Max Pharmaceuticals","Healthcare","+254 755 555999","maxpharma.co.ke","Mlolongo","Wholesale-to-retail stock triggers"
"Medisel Kenya Ltd","Healthcare","+254 734 699781","mediselkenya.com","Nairobi","KRA eTIMS & auto-reconciliation"
"Yaya Chemists","Healthcare/Retail","0703 114936","yaya-centre.co.ke","Hurlingham","Upscale retail pharmacy demand sensing"
"Suncity Chemists","Healthcare/Retail","+254 722 527580","yellowpages.co.ke","Parklands","M-Pesa integration for daily sales"
"Healthcare Direct (K)","Healthcare","+254 733 570419","healthcaredirect.co.ke","Mombasa Rd","Automated reorder triggers"
"Belladonna Pharmacy","Healthcare/Retail","+254 735 122147","belladonna.co.ke","Village Market","High-end retail inventory analytics"
"Shield Pharmaceuticals","Healthcare","+254 732 307851","shieldpharma.co.ke","Nairobi","Financial accuracy & sales tracking"
"Thorntree Chemists","Healthcare/Retail","+254 752 351209","yellowpages.co.ke","Nairobi CBD","Inventory turnover optimization"
"Pharmart Chemist","Healthcare/Retail","+254 718 239550","pharmart.co.ke","Nairobi","Predicting pharmaceutical demand surges"
"MyDawa","Online Pharmacy","0111 054949","mydawa.com","Online/Nairobi","Real-time stock level synchronization"
"Georgilani Pharmacy","Healthcare/Retail","0790 444508","yellowpages.co.ke","Chania Ave","Local SME retail stock management"
"Easton Pharmacy","Healthcare/Retail","0722 518942","yellowpages.co.ke","Adlife Plaza","Manual expiry check reduction"
"Virdi Pharmacy","Healthcare/Retail","0700 522142","yellowpages.co.ke","Kileleshwa","M-Pesa Paybill reconciliation"
"Jade Lotus Restaurant","Hospitality/F&B","0791 027507","benjundeng888@hotmail.com","Kilimani","Automated food waste auditing"
"Haru Restaurant","Hospitality/F&B","0700 318878","harukenya@hotmail.com","Karen","Predictive stock for specialized ingredients"
"Prime Cuts (High Port)","Hospitality/F&B","0708 555444","accounts@primecuts.co.ke","Nairobi","Inventory reconciliation for butchery/F&B"
"Café Kristina","Hospitality/F&B","0720 795367","cafekristina@gmail.com","Nairobi","Small cafe sales forecasting"
"Asmara (Karen)","Hospitality/F&B","0727 466263","accounts@asmara.co.ke","Karen","Waste control & M-Pesa tracking"
"Asmara (Westlands)","Hospitality/F&B","0727 466263","micheal_yohannes@asmara.co.ke","Westlands","Multi-site sales synchronization"
"Chowpaty Westlands","Hospitality/F&B","0733 999995","info@chowpatyrestaurants.com","Nairobi","Inventory prediction for multi-cuisine"
"Chowpaty Fast Foods","Hospitality/F&B","0722 999995","info@chowpatyrestaurants.com","Nairobi CBD","High-volume daily sales analytics"
"Margomi Enterprise","SME/Supplies","0795 022999","margomimenterprise@gmail.com","Trans Nzoia","Supply chain stock visibility"
"Ruesay Enterprise","SME/Supplies","0723 710431","ruesayenterprise@gmail.com","Nairobi","eTIMS compliance automation"
"Ndesny General Supplies","SME/Supplies","0716 553153","info@ndesnysupplies.co.ke","Nairobi CBD","M-Pesa Till reconciliation"
"Midax Global","SME/Supplies","0723 929043","midaxglobal2016@gmail.com","Nairobi","Predicting supplier stock requirements"
"Nelsaph Investments","SME/Retail","0711 442622","yellowpages.co.ke","Nairobi","Inventory leak detection"
"Supplium","SME/Retail","0727 350898","info@supplium.co.ke","Nairobi","Predictive B2B replenishment"
"Gee Designs","SME/Manufacturing","0724 228199","sales@geedesigns.co.ke","Nairobi","Materials inventory forecasting"
"Decos Investment","SME/Supplies","0726 802100","decosinvestment@gmail.com","Nairobi","Daily sales/profit analytics"
"Bluestacks Solutions","SME/IT Retail","0726 764576","info@bluestackssolutions.com","Nairobi","High-value tech stock management"
"Cherubim Technologies","SME/IT Retail","0707 6624XX","technologiescherubim@gmail.com","Nairobi","Sales forecasting for electronics"
"Uturn Enterprises","SME/Retail","0721 7929XX","uturnentltd@gmail.com","Nairobi","KRA eTIMS auto-reporting"
"Caterika Limited","SME/F&B","0702 7608XX","info@caterikaltd.co.ke","Nairobi","Inventory management for catering"
"Tuwialco Enterprises","SME/Retail","0719 8663XX","chyizirehema@gmail.com","Likoni","M-Pesa reconciliation for small retail"
"Lizmart Agencies","SME/Supplies","0720 1198XX","lizmartagenciesltd@gmail.com","Nairobi CBD","Bulk reorder report automation"
"Dalima Investments","SME/Supplies","0728 9835XX","dalimainvestment@gmail.com","Nairobi","Financial accuracy & sales tracking"
"Framend Limited","SME/Supplies","0719 1512XX","framendltd@gmail.com","Nairobi","Stockout prevention for suppliers"
"Theorems Limited","SME/Retail","0777 5551XX","paphectgsk@gmail.com","Nairobi","Predictive replenishment triggers"
"Anchor Footwear","SME/Manufacturing","0722 625255","anchorfootwear@gmail.com","Nairobi","Raw material stock forecasting"
"Maridadi Seasons","SME/Fashion","0723 245186","giftshop.oldtown@gmail.com","Malindi","Seasonal sales driver analysis"
"Leather Destination","SME/Manufacturing","0722 394528","mburunjihia@yahoo.com","Kikuyu","Reducing leather waste with AI"
"African Lily Enterprises","SME/Retail","0725 106542","yellowpages.co.ke","Ngong Rd","Luxury goods inventory optimization"
"Habib Leather","SME/Manufacturing","0725 103705","yellowpages.co.ke","Parklands","Corporate gift inventory management"
"Sandstorm Kenya","Fashion/Retail","0713 816144","sandstormkenya.com","Nairobi","Predictive stock for premium bags"
"Athi River Tanneries","Manufacturing","0722 881024","md@athirivertanneries.co.ke","Athi River","B2B stock visibility"
"Dogbones Ltd","Manufacturing","0780 100507","ashwin@dogs-b.com","Nairobi","Manufacturing stock triggers"
"Alpharama Ltd","Manufacturing","0723 595400","info@alpharama.co.ke","Athi River","Finished goods turnover analysis"
"Zingo Investments","Manufacturing","0700 873558","robertnjoka@yahoo.com","Nairobi","Inventory audit for semi-processed leather"
"Humbeg Tech Enterprises","SME/Supplies","0700 000 000","humbeg6@gmail.com","Nairobi","eTIMS compliance automation"
"Koba Waters","SME/F&B","0700 000 000","amin@broomhillsprings.com","Nairobi","Beverage stock forecasting"
"Serem Solutions","SME/Supplies","0700 000 000","infoserem@gmail.com","Nairobi","Sales trend & driver analysis"
"Wonder B Double","SME/Retail","0700 000 000","malachinakome89@gmail.com","Bungoma","M-Pesa reconciliation for rural retail"
"Nyagina Technologies","SME/Retail","0700 000 000","nyaginaenterprises@gmail.com","Nairobi","Automated reorder triggers"
"Curedars Enterprises","SME/Supplies","0700 000 000","curedarenterprises@gmail.com","Nairobi","Stockout prevention for distributors"
"Finton Logistics","SME/Logistics","0700 000 000","fintonlogs@gmail.com","Nairobi","Asset & inventory tracking"
"Hanodah Enterprises","SME/Retail","0700 000 000","hanodahenterprises@gmail.com","Nairobi CBD","Financial accuracy in high-traffic retail"
"Careman Logistics","SME/Logistics","0700 000 000","caremanlogistics13@gmail.com","Nairobi","Inventory visibility for third-party logistics"
"Featherdrip Enterprises","SME/Retail","0700 000 000","featherdripent@gmail.com","Nairobi","Daily profit analytics AI"
"Redific Limited","SME/Supplies","0700 000 000","info@redific.co.ke","Nairobi","B2B reorder automation"
"Imageline Technologies","SME/Supplies","0700 000 000","info@imagelinet.com","Nairobi","Stock accuracy for IT hardware"
"Dumpken Limited","SME/Retail","0700 000 000","dumpkenenterprises@gmail.com","Nairobi","Inventory leak detection AI"
"Chirag Kenya Limited","Manufacturing/SME","020 3927000","yellowpages.co.ke","Industrial Area","Production stock forecasting"
"Stomemillers Ltd","Manufacturing/SME","+254 716 288216","yellowpages.co.ke","Nairobi","Raw material stock-to-sales analysis"
"Uday Patel Co Ltd","SME/Supplies","+254 722 897837","yellowpages.co.ke","Nairobi","Sales trend forecasting for wholesalers"
"Simkan Agencies","SME/Supplies","+254 722 450258","yellowpages.co.ke","Nairobi","M-Pesa Paybill reconciliation for SMEs"
"Mbao Allied Enterprises","SME/Supplies","+254 733 526444","yellowpages.co.ke","Nairobi","Inventory replenishment automation"
"Mamco Trading Co","SME/Supplies","+254 736 859360","yellowpages.co.ke","Nairobi","eTIMS ready sales reporting"
"Kenya Biologics Ltd","Healthcare/SME","+254 717 297023","yellowpages.co.ke","Nairobi","Perishable stock waste control"
"Crossover Company Ltd","SME/Supplies","+254 721 683102","yellowpages.co.ke","Nairobi CBD","Daily sales and turnover reports"
"Frigoken Limited","Retail Supply","+254 733 613251","yellowpages.co.ke","Nairobi","Perishable distribution stock prediction"
"Synergy Technologies","SME/IT Retail","+254 720 397869","yellowpages.co.ke","Nairobi","High-SKU tech inventory optimization"
"Fortis Kenya Limited","SME/Retail","+254 722 363384","yellowpages.co.ke","Nairobi","Financial accuracy & auto-reconciliation"
"Cleansing General Ltd","SME/Supplies","+254 722 516473","yellowpages.co.ke","Nairobi","Predictive reordering for cleaning supplies"
"Valley Feeds Hay Ltd","SME/Agri-Retail","+254 722 742170","yellowpages.co.ke","Nairobi","Seasonal feed demand forecasting"
